{
  "HNSW": {
    "build": 15.06889319999027,
    "curve": [
      [
        10,
        0.7996,
        21298.93697262321
      ],
      [
        15,
        0.8652,
        15873.469398182622
      ],
      [
        20,
        0.9056,
        14111.29863109028
      ],
      [
        30,
        0.9472,
        8884.892661982618
      ],
      [
        40,
        0.9675,
        6011.457839459159
      ],
      [
        60,
        0.9862,
        5000.765116776106
      ],
      [
        100,
        0.996,
        3280.4621253805017
      ],
      [
        150,
        0.9985,
        3960.6344619086176
      ],
      [
        250,
        0.9998,
        2323.177177078158
      ]
    ]
  },
  "TAHNSW a=0.9": {
    "build": 5.21363119999296,
    "curve": [
      [
        10,
        0.7572,
        24178.885068681186
      ],
      [
        15,
        0.8306,
        13214.298927778736
      ],
      [
        20,
        0.8754,
        10037.036666298285
      ],
      [
        30,
        0.9257,
        8213.208317292267
      ],
      [
        40,
        0.9519,
        5955.6281875326795
      ],
      [
        60,
        0.9761,
        3814.9417535270873
      ],
      [
        100,
        0.9918,
        2849.4558393633024
      ],
      [
        150,
        0.9972,
        1696.342769807137
      ],
      [
        250,
        0.9996,
        1310.8663082797452
      ]
    ]
  },
  "TAHNSW a=1.0": {
    "build": 25.208504399983212,
    "curve": [
      [
        10,
        0.8054,
        13689.366373657387
      ],
      [
        15,
        0.8732,
        11560.934213260636
      ],
      [
        20,
        0.9124,
        9500.916839649512
      ],
      [
        30,
        0.9537,
        7431.14855172763
      ],
      [
        40,
        0.9704,
        5735.211040903726
      ],
      [
        60,
        0.9882,
        4291.525010681311
      ],
      [
        100,
        0.997,
        2946.5105212914814
      ],
      [
        150,
        0.9987,
        1643.5482431305204
      ],
      [
        250,
        0.9998,
        999.699290433103
      ]
    ]
  },
  "TAHNSW a=1.1": {
    "build": 26.84815969999181,
    "curve": [
      [
        10,
        0.8197,
        13572.314650281249
      ],
      [
        15,
        0.8818,
        10998.474511492954
      ],
      [
        20,
        0.9194,
        9577.103825036482
      ],
      [
        30,
        0.9556,
        6297.744776717429
      ],
      [
        40,
        0.9739,
        3229.5537758417345
      ],
      [
        60,
        0.9893,
        2293.61480563197
      ],
      [
        100,
        0.9972,
        2059.96390118631
      ],
      [
        150,
        0.9989,
        1005.0329032748355
      ],
      [
        250,
        0.9998,
        788.140565183455
      ]
    ]
  },
  "TAHNSW a=1.2": {
    "build": 8.465637499990407,
    "curve": [
      [
        10,
        0.8221,
        17172.01031044936
      ],
      [
        15,
        0.8869,
        12670.0478770941
      ],
      [
        20,
        0.922,
        16360.212617570854
      ],
      [
        30,
        0.9603,
        10773.783935624006
      ],
      [
        40,
        0.9767,
        7676.388045007586
      ],
      [
        60,
        0.9901,
        8334.937809273393
      ],
      [
        100,
        0.9974,
        4361.070468573011
      ],
      [
        150,
        0.999,
        2989.8575065082177
      ],
      [
        250,
        0.9997,
        1413.5804083046164
      ]
    ]
  },
  "TAHNSW a=1.3": {
    "build": 26.6637910999998,
    "curve": [
      [
        10,
        0.8201,
        13038.268624865244
      ],
      [
        15,
        0.8884,
        10736.721628079868
      ],
      [
        20,
        0.9246,
        8897.256264299118
      ],
      [
        30,
        0.9618,
        6569.279291451871
      ],
      [
        40,
        0.977,
        5380.639919758702
      ],
      [
        60,
        0.9896,
        3503.1840443140595
      ],
      [
        100,
        0.9974,
        2387.795119448239
      ],
      [
        150,
        0.999,
        1542.2162418664548
      ],
      [
        250,
        0.9997,
        1116.731247243259
      ]
    ]
  }
}