{
  "HNSW M=16": {
    "build": 4.83044270001119,
    "curve": [
      [
        10,
        0.8008,
        24836.328590142017
      ],
      [
        15,
        0.8671,
        22767.89271361778
      ],
      [
        20,
        0.9042,
        16837.511284115797
      ],
      [
        30,
        0.9458,
        9737.24056280635
      ],
      [
        40,
        0.9662,
        12223.92270448864
      ],
      [
        60,
        0.9854,
        6621.836831972935
      ],
      [
        100,
        0.9961,
        5183.7053333033855
      ],
      [
        150,
        0.9983,
        4505.147807135767
      ],
      [
        250,
        0.9997,
        2054.016104617125
      ]
    ]
  },
  "HNSW M=24": {
    "build": 5.874041000002762,
    "curve": [
      [
        10,
        0.8296,
        20682.35216239918
      ],
      [
        15,
        0.8898,
        24287.112538712237
      ],
      [
        20,
        0.9276,
        11985.794434313371
      ],
      [
        30,
        0.9621,
        12325.425750951716
      ],
      [
        40,
        0.9781,
        8982.708288468413
      ],
      [
        60,
        0.9903,
        6320.581139905158
      ],
      [
        100,
        0.9977,
        5298.6869847433345
      ],
      [
        150,
        0.9991,
        2905.1762105117095
      ],
      [
        250,
        0.9998,
        2466.26944946668
      ]
    ]
  },
  "HNSW M=32": {
    "build": 5.565736799995648,
    "curve": [
      [
        10,
        0.8408,
        28030.048212066347
      ],
      [
        15,
        0.8989,
        20831.94454747322
      ],
      [
        20,
        0.9328,
        13920.926353268396
      ],
      [
        30,
        0.9667,
        12495.439163797622
      ],
      [
        40,
        0.9808,
        7536.504945342063
      ],
      [
        60,
        0.9921,
        6707.1915182324665
      ],
      [
        100,
        0.9983,
        3734.13691963139
      ],
      [
        150,
        0.9992,
        2633.665781089498
      ],
      [
        250,
        0.9998,
        2104.6751781238972
      ]
    ]
  },
  "TAHNSW M=16 a=1.0": {
    "build": 5.252394300012384,
    "curve": [
      [
        10,
        0.8028,
        20819.36701098613
      ],
      [
        15,
        0.8731,
        18984.842500704817
      ],
      [
        20,
        0.914,
        18860.77167215063
      ],
      [
        30,
        0.9531,
        12971.733298942323
      ],
      [
        40,
        0.9699,
        8949.034354960651
      ],
      [
        60,
        0.988,
        7809.980061650979
      ],
      [
        100,
        0.9967,
        4692.896831587052
      ],
      [
        150,
        0.9986,
        3875.8593264758206
      ],
      [
        250,
        0.9998,
        1855.770965209858
      ]
    ]
  },
  "TAHNSW M=16 a=1.2": {
    "build": 5.362719600001583,
    "curve": [
      [
        10,
        0.8223,
        24813.09535724068
      ],
      [
        15,
        0.8827,
        20592.65665725879
      ],
      [
        20,
        0.9218,
        14591.020977339786
      ],
      [
        30,
        0.9593,
        9772.782798528024
      ],
      [
        40,
        0.9755,
        11529.384363043735
      ],
      [
        60,
        0.9897,
        6930.876291814815
      ],
      [
        100,
        0.9972,
        4009.2003124561616
      ],
      [
        150,
        0.999,
        2809.976202251372
      ],
      [
        250,
        0.9997,
        1649.1997176074365
      ]
    ]
  }
}