{
  "build_t": {
    "hnsw": [
      0.2702032999950461,
      0.6761525000038091,
      1.5942241000011563,
      3.664592500019353
    ],
    "orig": [
      0.8759009000204969,
      2.0420981000061147,
      4.692396200000076,
      10.34338310000021
    ],
    "opt": [
      0.32218859999557026,
      0.7080643000081182,
      1.677441399981035,
      3.819072199985385
    ]
  },
  "N_SCALING": [
    2500,
    5000,
    10000,
    20000
  ],
  "curves": {
    "hnsw": [
      [
        10,
        0.7133333333333334,
        56277.78694795059
      ],
      [
        20,
        0.8643333333333333,
        46346.36190563339
      ],
      [
        40,
        0.9616666666666667,
        28179.06855807174
      ],
      [
        80,
        0.994,
        16691.054164989822
      ],
      [
        150,
        0.9993333333333333,
        10984.30343490799
      ],
      [
        250,
        0.9996666666666667,
        7717.220464665782
      ]
    ],
    "orig": [
      [
        10,
        0.7503333333333333,
        48499.74125463914
      ],
      [
        20,
        0.8943333333333333,
        36755.24675033703
      ],
      [
        40,
        0.9773333333333334,
        23062.198730032367
      ],
      [
        80,
        0.998,
        13104.156207002852
      ],
      [
        150,
        0.9996666666666667,
        10002.400585104135
      ],
      [
        250,
        0.9996666666666667,
        6273.604436367512
      ]
    ],
    "opt": [
      [
        10,
        0.716,
        48977.99266045792
      ],
      [
        20,
        0.865,
        44694.06926127196
      ],
      [
        40,
        0.962,
        26296.413182492306
      ],
      [
        80,
        0.9943333333333333,
        16579.99016265728
      ],
      [
        150,
        0.9993333333333333,
        11503.640902057527
      ],
      [
        250,
        0.9996666666666667,
        7225.450928681879
      ]
    ]
  },
  "search_calls_per_node": {
    "hnsw": 1.0,
    "orig": 3.00365,
    "opt": 1.0675
  }
}